visit,n,mean,sd,se,lo,hi
V1,133,0,0,0,0,0
V2,136,0.10572099202834366,0.46471974234963537,0.039849389150376856,0.02761618929360503,0.1838257947630823
V3,104,-0.02389152298850577,0.4208269960663641,0.041265482015173556,-0.10477186773824593,0.0569888217612344
V4,65,0.22818214285714283,0.6095169080665552,0.07560126791967016,0.08000365773458931,0.3763606279796964
V5,36,0.1598571428571428,0.4136828840687376,0.0689471473447896,0.024720734061355193,0.2949935516529304
NA,122,NA,NA,NA,NA,NA
