visit,n,mean,sd,se,lo,hi
V1,133,0,0,0,0,0
V2,135,0.10251760228353948,0.46879485453900355,0.04034743698705087,0.02343662578891978,0.1815985787781592
V3,104,-0.045884838442419244,0.4115963855173313,0.040360346182252524,-0.12499111695963419,0.033221440074795695
V4,65,0.22834799235181644,0.6099048928203409,0.07564939150563062,0.08007518500078042,0.37662079970285245
V5,32,0.15584999999999993,0.4240113299131721,0.07495532167038259,0.008937569526050071,0.3027624304739498
NA,119,NA,NA,NA,NA,NA
