visit,n,mean,sd,se,lo,hi
V1,133,0,0,0,0,0
V2,135,0.1525090390104662,0.5982137606990054,0.051486042947985713,0.0515963948324142,0.2534216831885182
V3,104,-0.00904805302402653,0.4126490174704654,0.04046356523743833,-0.08835664088940566,0.0702605348413526
V4,65,0.17199617590822183,0.6814706375702521,0.08452602966136488,0.006325157771946671,0.33766719404449697
V5,32,0.17754999999999996,0.49207802922108324,0.086987927833785,0.007053661445781345,0.34804633855421857
NA,119,NA,NA,NA,NA,NA
