visit,n,mean,sd,se,lo,hi
V1,133,0,0,0,0,0
V2,136,0.15151195748449953,0.5946349065303336,0.0509895225731501,0.05157249324112534,0.2514514217278737
V3,104,0.005033045977011479,0.4252565043851111,0.0416998310411911,-0.07669862286372307,0.08676471481774604
V4,65,0.17329107142857145,0.6793654457393913,0.0842649127513647,0.008131842435896625,0.33845030042124624
V5,36,0.19566666666666663,0.4867506890938454,0.08112511484897424,0.036661441562677116,0.35467189177065617
NA,122,NA,NA,NA,NA,NA
